id,math,art
01,87,79
02,92,77
03,74,80
04,64,93
05,68,81
06,9,75
07,71,84
08,65,91
09,57,65
10,85,45
11,82,99
12,84,92
13,81,74
14,67,165
15,72,90
16,75,8
17,82,66
18,89,44
19,77,67
20,89,100
21,67,40
22,96,88
23,78,92
24,81,45
25,99,86
26,55,47
27,76,78
28,56,90
29,56,87
30,95,24
